received_at,device_id,participant_id,accel_stddev,gyro_stddev,bpm,activity,local_act,timestamp
2026-04-13T10:35:09.177318,ESP32_001,data_collection_BERLARI,0.32376,27.9383,53,BERLARI,DUDUK,1286557
2026-04-13T10:35:11.197776,ESP32_001,data_collection_BERLARI,0.210702,16.7196,79,BERLARI,BERLARI,1288561
2026-04-13T10:35:13.185159,ESP32_001,data_collection_BERLARI,0.213754,12.4111,144,BERLARI,BERLARI,1290570
2026-04-13T10:35:15.204403,ESP32_001,data_collection_BERLARI,0.27131,30.4181,155,BERLARI,BERLARI,1292581
2026-04-13T10:35:17.208266,ESP32_001,data_collection_BERLARI,0.292566,21.9606,158,BERLARI,BERLARI,1294593
2026-04-13T10:35:19.214774,ESP32_001,data_collection_BERLARI,0.200332,21.9695,143,BERLARI,BERLARI,1296599
2026-04-13T10:35:21.455544,ESP32_001,data_collection_BERLARI,0.328681,28.0109,121,BERLARI,BERLARI,1298611
2026-04-13T10:35:23.245194,ESP32_001,data_collection_BERLARI,0.387119,23.3469,98,BERLARI,BERLARI,1300630
2026-04-13T10:35:25.255891,ESP32_001,data_collection_BERLARI,0.345453,17.6187,117,BERLARI,BERLARI,1302639
2026-04-13T10:35:27.271598,ESP32_001,data_collection_BERLARI,0.254698,16.5868,145,BERLARI,BERLARI,1304650
2026-04-13T10:35:29.283271,ESP32_001,data_collection_BERLARI,0.162758,46.4238,154,BERLARI,BERLARI,1306661
2026-04-13T10:35:31.282901,ESP32_001,data_collection_BERLARI,0.28253,21.078,144,BERLARI,BERLARI,1308667
2026-04-13T10:35:33.303696,ESP32_001,data_collection_BERLARI,0.247088,19.9967,137,BERLARI,BERLARI,1310678
2026-04-13T10:35:35.310380,ESP32_001,data_collection_BERLARI,0.322895,19.026,150,BERLARI,BERLARI,1312688
2026-04-13T10:35:37.414280,ESP32_001,data_collection_BERLARI,0.360481,31.9112,152,BERLARI,BERLARI,1314701
2026-04-13T10:35:39.352380,ESP32_001,data_collection_BERLARI,0.298382,21.4672,150,BERLARI,BERLARI,1316712
2026-04-13T10:35:41.366583,ESP32_001,data_collection_BERLARI,0.055356,35.0819,151,BERLARI,BERLARI,1318726
2026-04-13T10:35:43.348798,ESP32_001,data_collection_BERLARI,0.041896,65.1244,151,BERLARI,BERLARI,1320733
2026-04-13T10:35:45.358531,ESP32_001,data_collection_BERLARI,0.198987,30.8705,0,BERLARI,BERLARI,1322739
2026-04-13T10:35:47.368602,ESP32_001,data_collection_BERLARI,0.022001,15.4445,0,BERLARI,BERLARI,1324746
2026-04-13T10:35:49.380527,ESP32_001,data_collection_BERLARI,0.099515,22.7583,0,BERLARI,BERJALAN,1326753
2026-04-13T10:35:51.911418,ESP32_001,data_collection_BERLARI,0.023897,19.5487,69,BERLARI,BERLARI,1328763
2026-04-13T10:35:53.388099,ESP32_001,data_collection_BERLARI,0.174386,29.3367,69,BERLARI,BERLARI,1330770
2026-04-13T10:35:55.414620,ESP32_001,data_collection_BERLARI,0.229822,36.5042,75,BERLARI,BERLARI,1332776
2026-04-13T10:35:57.398274,ESP32_001,data_collection_BERLARI,0.244951,48.7889,72,BERLARI,BERLARI,1334782
2026-04-13T10:35:59.407291,ESP32_001,data_collection_BERLARI,0.219725,40.3605,70,BERLARI,BERLARI,1336789
2026-04-13T10:36:01.426300,ESP32_001,data_collection_BERLARI,0.199375,42.8732,122,BERLARI,BERLARI,1338803
2026-04-13T10:36:03.452808,ESP32_001,data_collection_BERLARI,0.177174,38.4463,149,BERLARI,BERLARI,1340818
2026-04-13T10:36:05.446537,ESP32_001,data_collection_BERLARI,0.169424,41.7843,159,BERLARI,BERLARI,1342829
2026-04-13T10:36:07.540862,ESP32_001,data_collection_BERLARI,0.129493,28.3805,165,BERLARI,BERLARI,1344849
2026-04-13T10:36:09.481808,ESP32_001,data_collection_BERLARI,0.112948,26.0729,157,BERLARI,BERJALAN,1346865
2026-04-13T10:36:11.500369,ESP32_001,data_collection_BERLARI,0.159748,55.153,147,BERLARI,BERJALAN,1348873
2026-04-13T10:36:13.502335,ESP32_001,data_collection_BERLARI,0.062908,49.4926,141,BERLARI,BERLARI,1350885
2026-04-13T10:36:15.513941,ESP32_001,data_collection_BERLARI,0.01067,7.2132,141,BERLARI,BERJALAN,1352891
2026-04-13T10:36:17.519307,ESP32_001,data_collection_BERLARI,0.043629,10.5483,111,BERLARI,DUDUK,1354902
2026-04-13T10:36:19.535155,ESP32_001,data_collection_BERLARI,0.442046,78.7787,94,BERLARI,BERLARI,1356908
2026-04-13T10:36:21.532304,ESP32_001,data_collection_BERLARI,0.10463,39.9335,88,BERLARI,BERLARI,1358914
2026-04-13T10:36:23.542975,ESP32_001,data_collection_BERLARI,0.261058,26.4308,88,BERLARI,BERLARI,1360921
2026-04-13T10:36:25.547826,ESP32_001,data_collection_BERLARI,0.364966,43.304,84,BERLARI,BERLARI,1362928
2026-04-13T10:36:27.559881,ESP32_001,data_collection_BERLARI,0.370179,29.6525,99,BERLARI,BERLARI,1364942
2026-04-13T10:36:29.571290,ESP32_001,data_collection_BERLARI,0.344265,42.2081,142,BERLARI,BERLARI,1366953
2026-04-13T10:36:31.590821,ESP32_001,data_collection_BERLARI,0.373933,41.7402,158,BERLARI,BERLARI,1368967
2026-04-13T10:36:33.601199,ESP32_001,data_collection_BERLARI,0.424581,51.0571,157,BERLARI,BERLARI,1370983
2026-04-13T10:36:35.618167,ESP32_001,data_collection_BERLARI,0.472602,44.6515,152,BERLARI,BERLARI,1372994
2026-04-13T10:36:37.629396,ESP32_001,data_collection_BERLARI,0.432062,40.7906,153,BERLARI,BERLARI,1375005
2026-04-13T10:36:39.639040,ESP32_001,data_collection_BERLARI,0.30263,60.7681,159,BERLARI,BERLARI,1377015
2026-04-13T10:36:41.637104,ESP32_001,data_collection_BERLARI,0.340035,41.7638,147,BERLARI,BERLARI,1379019
2026-04-13T10:36:43.655321,ESP32_001,data_collection_BERLARI,0.141328,36.2392,126,BERLARI,BERLARI,1381038
2026-04-13T10:36:45.676858,ESP32_001,data_collection_BERLARI,0.170543,32.6823,129,BERLARI,BERLARI,1383042
2026-04-13T10:36:47.675212,ESP32_001,data_collection_BERLARI,0.152553,34.1232,144,BERLARI,BERLARI,1385056
2026-04-13T10:36:49.694145,ESP32_001,data_collection_BERLARI,0.123476,31.0682,148,BERLARI,BERJALAN,1387070
2026-04-13T10:36:51.707267,ESP32_001,data_collection_BERLARI,0.178215,31.3634,172,BERLARI,BERJALAN,1389081
2026-04-13T10:36:53.714682,ESP32_001,data_collection_BERLARI,0.179325,30.0967,172,BERLARI,BERLARI,1391090
2026-04-13T10:36:55.713568,ESP32_001,data_collection_BERLARI,0.209367,31.743,154,BERLARI,BERLARI,1393096
2026-04-13T10:36:57.732240,ESP32_001,data_collection_BERLARI,0.158499,36.4348,147,BERLARI,BERLARI,1395107
2026-04-13T10:36:59.734238,ESP32_001,data_collection_BERLARI,0.129207,31.7435,145,BERLARI,BERLARI,1397116
2026-04-13T10:37:02.115208,ESP32_001,data_collection_BERLARI,0.126951,30.6484,136,BERLARI,BERLARI,1399122
2026-04-13T10:37:03.902232,ESP32_001,data_collection_BERLARI,0.156065,30.386,122,BERLARI,BERJALAN,1401134
2026-04-13T10:37:05.821084,ESP32_001,data_collection_BERLARI,0.097754,26.0063,116,BERLARI,BERLARI,1403145
2026-04-13T10:37:07.768930,ESP32_001,data_collection_BERLARI,0.154552,28.0015,118,BERLARI,BERJALAN,1405150
2026-04-13T10:37:09.778965,ESP32_001,data_collection_BERLARI,0.152651,34.9511,137,BERLARI,BERLARI,1407153
2026-04-13T10:37:11.778997,ESP32_001,data_collection_BERLARI,0.132272,32.1223,157,BERLARI,BERLARI,1409160
2026-04-13T10:37:13.802484,ESP32_001,data_collection_BERLARI,0.134825,34.3379,161,BERLARI,BERJALAN,1411176
2026-04-13T10:37:15.811488,ESP32_001,data_collection_BERLARI,0.110161,30.2954,156,BERLARI,BERJALAN,1413190
2026-04-13T10:37:17.819125,ESP32_001,data_collection_BERLARI,0.312457,62.3071,161,BERLARI,BERLARI,1415194
2026-04-13T10:37:19.829037,ESP32_001,data_collection_BERLARI,0.230593,80.8852,163,BERLARI,BERLARI,1417203
2026-04-13T10:37:21.836785,ESP32_001,data_collection_BERLARI,0.770121,65.0498,163,BERLARI,BERLARI,1419212
2026-04-13T10:37:23.841851,ESP32_001,data_collection_BERLARI,0.247498,59.9776,154,BERLARI,BERLARI,1421223
2026-04-13T10:37:25.859459,ESP32_001,data_collection_BERLARI,0.155527,47.6284,137,BERLARI,BERLARI,1423234
2026-04-13T10:37:27.876212,ESP32_001,data_collection_BERLARI,0.278336,32.9696,137,BERLARI,BERLARI,1425250
2026-04-13T10:37:29.884964,ESP32_001,data_collection_BERLARI,0.398808,31.2404,137,BERLARI,BERLARI,1427266
2026-04-13T10:37:31.896706,ESP32_001,data_collection_BERLARI,0.390575,37.3092,125,BERLARI,BERLARI,1429277
2026-04-13T10:37:33.912209,ESP32_001,data_collection_BERLARI,0.223326,27.7813,116,BERLARI,BERLARI,1431293
2026-04-13T10:37:35.943238,ESP32_001,data_collection_BERLARI,0.199884,25.3115,127,BERLARI,BERLARI,1433309
2026-04-13T10:37:37.935700,ESP32_001,data_collection_BERLARI,0.160034,26.6523,137,BERLARI,BERLARI,1435316
2026-04-13T10:37:39.950926,ESP32_001,data_collection_BERLARI,0.148453,50.9955,147,BERLARI,BERLARI,1437331
2026-04-13T10:37:41.972079,ESP32_001,data_collection_BERLARI,0.130395,27.6742,149,BERLARI,BERLARI,1439347
2026-04-13T10:37:43.998776,ESP32_001,data_collection_BERLARI,0.172136,21.7949,147,BERLARI,BERLARI,1441364
2026-04-13T10:37:46.002632,ESP32_001,data_collection_BERLARI,0.174017,26.9828,146,BERLARI,BERLARI,1443380
2026-04-13T10:37:48.021208,ESP32_001,data_collection_BERLARI,0.16511,31.5608,142,BERLARI,BERLARI,1445396
2026-04-13T10:37:50.029219,ESP32_001,data_collection_BERLARI,0.163069,36.1162,139,BERLARI,BERLARI,1447409
2026-04-13T10:37:52.174964,ESP32_001,data_collection_BERLARI,0.150222,30.2685,132,BERLARI,BERLARI,1449419
2026-04-13T10:37:54.064493,ESP32_001,data_collection_BERLARI,0.129517,38.0202,132,BERLARI,BERLARI,1451435
2026-04-13T10:37:56.070229,ESP32_001,data_collection_BERLARI,0.138802,25.5858,145,BERLARI,BERJALAN,1453448
2026-04-13T10:37:58.078125,ESP32_001,data_collection_BERLARI,0.149055,32.1876,149,BERLARI,BERLARI,1455457
2026-04-13T10:38:00.105445,ESP32_001,data_collection_BERLARI,0.120105,18.0675,146,BERLARI,BERLARI,1457468
2026-04-13T10:38:02.106763,ESP32_001,data_collection_BERLARI,0.15131,35.7557,165,BERLARI,BERLARI,1459480
2026-04-13T10:38:04.106352,ESP32_001,data_collection_BERLARI,0.152913,41.0692,176,BERLARI,BERLARI,1461486
2026-04-13T10:38:06.119097,ESP32_001,data_collection_BERLARI,0.162169,31.0692,158,BERLARI,BERLARI,1463493
2026-04-13T10:38:08.129848,ESP32_001,data_collection_BERLARI,0.141069,35.8941,134,BERLARI,BERLARI,1465504
2026-04-13T10:38:10.135051,ESP32_001,data_collection_BERLARI,0.147947,32.4384,145,BERLARI,BERLARI,1467509
2026-04-13T10:38:12.146736,ESP32_001,data_collection_BERLARI,0.181306,43.5182,137,BERLARI,BERLARI,1469526
2026-04-13T10:38:14.157316,ESP32_001,data_collection_BERLARI,0.180384,40.5583,130,BERLARI,BERLARI,1471531
2026-04-13T10:38:16.156294,ESP32_001,data_collection_BERLARI,0.171774,31.3601,122,BERLARI,BERLARI,1473535
2026-04-13T10:38:18.182991,ESP32_001,data_collection_BERLARI,0.152155,25.0889,122,BERLARI,BERLARI,1475546
2026-04-13T10:38:20.183539,ESP32_001,data_collection_BERLARI,0.173776,35.1991,125,BERLARI,BERLARI,1477557
2026-04-13T10:38:22.192422,ESP32_001,data_collection_BERLARI,0.162858,27.1562,129,BERLARI,BERLARI,1479571
2026-04-13T10:38:24.200362,ESP32_001,data_collection_BERLARI,0.149371,30.352,129,BERLARI,BERLARI,1481580
2026-04-13T10:38:26.212114,ESP32_001,data_collection_BERLARI,0.157499,25.0045,130,BERLARI,BERLARI,1483591
2026-04-13T10:38:28.223987,ESP32_001,data_collection_BERLARI,0.165098,49.857,128,BERLARI,BERLARI,1485603
2026-04-13T10:38:30.241775,ESP32_001,data_collection_BERLARI,0.159872,38.4125,136,BERLARI,BERLARI,1487614
2026-04-13T10:38:32.252046,ESP32_001,data_collection_BERLARI,0.157657,35.2398,142,BERLARI,BERLARI,1489625
2026-04-13T10:38:34.251686,ESP32_001,data_collection_BERLARI,0.186554,28.2278,145,BERLARI,BERLARI,1491630
2026-04-13T10:38:36.258514,ESP32_001,data_collection_BERLARI,0.185433,34.0602,143,BERLARI,BERLARI,1493636
2026-04-13T10:38:38.271334,ESP32_001,data_collection_BERLARI,0.155684,30.4252,134,BERLARI,BERLARI,1495643
2026-04-13T10:38:40.280800,ESP32_001,data_collection_BERLARI,0.200074,51.4182,132,BERLARI,BERLARI,1497659
2026-04-13T10:38:42.308556,ESP32_001,data_collection_BERLARI,0.208182,28.9839,133,BERLARI,BERLARI,1499685
2026-04-13T10:38:44.317794,ESP32_001,data_collection_BERLARI,0.175822,45.5192,133,BERLARI,BERLARI,1501696
2026-04-13T10:38:46.328315,ESP32_001,data_collection_BERLARI,0.134544,36.7172,136,BERLARI,BERLARI,1503707
2026-04-13T10:38:48.338525,ESP32_001,data_collection_BERLARI,0.179455,31.9764,136,BERLARI,BERLARI,1505716
2026-04-13T10:38:50.348773,ESP32_001,data_collection_BERLARI,0.139618,34.6025,133,BERLARI,BERLARI,1507719
2026-04-13T10:38:52.357585,ESP32_001,data_collection_BERLARI,0.114691,36.6218,134,BERLARI,BERLARI,1509735
2026-04-13T10:38:54.370789,ESP32_001,data_collection_BERLARI,0.139173,38.4995,135,BERLARI,BERLARI,1511744
2026-04-13T10:38:56.385570,ESP32_001,data_collection_BERLARI,0.160693,37.3107,135,BERLARI,BERLARI,1513755
2026-04-13T10:38:58.398155,ESP32_001,data_collection_BERLARI,0.135666,31.4183,134,BERLARI,BERLARI,1515769
2026-04-13T10:39:00.403962,ESP32_001,data_collection_BERLARI,0.156643,35.8051,135,BERLARI,BERLARI,1517782
2026-04-13T10:39:02.413234,ESP32_001,data_collection_BERLARI,0.157055,36.0469,134,BERLARI,BERLARI,1519791
2026-04-13T10:39:04.430809,ESP32_001,data_collection_BERLARI,0.196012,38.5279,132,BERLARI,BERLARI,1521802
2026-04-13T10:39:06.446001,ESP32_001,data_collection_BERLARI,0.154771,42.1636,131,BERLARI,BERLARI,1523818
2026-04-13T10:39:08.525325,ESP32_001,data_collection_BERLARI,0.143367,48.6562,131,BERLARI,BERLARI,1525824
2026-04-13T10:39:10.465603,ESP32_001,data_collection_BERLARI,0.208698,36.239,132,BERLARI,BERLARI,1527835
2026-04-13T10:39:12.464350,ESP32_001,data_collection_BERLARI,0.178101,41.8305,133,BERLARI,BERLARI,1529841
2026-04-13T10:39:14.471507,ESP32_001,data_collection_BERLARI,0.223927,44.5443,131,BERLARI,BERLARI,1531845
2026-04-13T10:39:16.483164,ESP32_001,data_collection_BERLARI,0.158233,48.0421,131,BERLARI,BERLARI,1533854
2026-04-13T10:39:18.491938,ESP32_001,data_collection_BERLARI,0.560595,54.0869,132,BERLARI,BERLARI,1535863
2026-04-13T10:39:20.491784,ESP32_001,data_collection_BERLARI,0.399988,85.5465,132,BERLARI,BERLARI,1537869
2026-04-13T10:39:22.498169,ESP32_001,data_collection_BERLARI,0.388089,32.3108,121,BERLARI,BERLARI,1539875
2026-04-13T10:39:24.508862,ESP32_001,data_collection_BERLARI,0.423631,31.007,116,BERLARI,BERLARI,1541886
2026-04-13T10:39:26.591626,ESP32_001,data_collection_BERLARI,0.403025,41.5913,141,BERLARI,BERLARI,1543895
2026-04-13T10:39:28.540376,ESP32_001,data_collection_BERLARI,0.483753,47.6337,145,BERLARI,BERLARI,1545910
2026-04-13T10:39:30.549943,ESP32_001,data_collection_BERLARI,0.284737,36.0294,145,BERLARI,BERLARI,1547921
2026-04-13T10:39:32.559440,ESP32_001,data_collection_BERLARI,0.245752,34.1103,148,BERLARI,BERLARI,1549936
2026-04-13T10:39:34.577726,ESP32_001,data_collection_BERLARI,0.262318,37.0592,149,BERLARI,BERLARI,1551948
2026-04-13T10:39:36.587578,ESP32_001,data_collection_BERLARI,0.267077,40.2359,149,BERLARI,BERLARI,1553964
2026-04-13T10:39:38.608059,ESP32_001,data_collection_BERLARI,0.288225,38.2771,150,BERLARI,BERLARI,1555976
2026-04-13T10:39:40.606814,ESP32_001,data_collection_BERLARI,0.250207,32.874,156,BERLARI,BERLARI,1557983
2026-04-13T10:39:42.623672,ESP32_001,data_collection_BERLARI,0.260678,32.0742,158,BERLARI,BERLARI,1560000
2026-04-13T10:39:44.645521,ESP32_001,data_collection_BERLARI,0.284955,41.1712,160,BERLARI,BERLARI,1562016
2026-04-13T10:39:46.653124,ESP32_001,data_collection_BERLARI,0.250081,31.1448,154,BERLARI,BERLARI,1564027
2026-04-13T10:39:48.679988,ESP32_001,data_collection_BERLARI,0.284756,35.7805,153,BERLARI,BERLARI,1566038
2026-04-13T10:39:50.693684,ESP32_001,data_collection_BERLARI,0.288846,34.623,162,BERLARI,BERLARI,1568064
2026-04-13T10:39:52.703297,ESP32_001,data_collection_BERLARI,0.312604,39.4232,160,BERLARI,BERLARI,1570073
2026-04-13T10:39:54.713589,ESP32_001,data_collection_BERLARI,0.285128,34.4187,159,BERLARI,BERLARI,1572089
2026-04-13T10:39:56.733261,ESP32_001,data_collection_BERLARI,0.308551,43.09,157,BERLARI,BERLARI,1574103
2026-04-13T10:39:58.741916,ESP32_001,data_collection_BERLARI,0.229776,24.6484,156,BERLARI,BERLARI,1576118
2026-04-13T10:40:00.762521,ESP32_001,data_collection_BERLARI,0.260879,39.8505,158,BERLARI,BERLARI,1578132
2026-04-13T10:40:02.770527,ESP32_001,data_collection_BERLARI,0.29132,37.331,160,BERLARI,BERLARI,1580141
2026-04-13T10:40:04.780926,ESP32_001,data_collection_BERLARI,0.316074,52.125,158,BERLARI,BERLARI,1582157
2026-04-13T10:40:06.801519,ESP32_001,data_collection_BERLARI,0.292599,39.1786,156,BERLARI,BERLARI,1584171
2026-04-13T10:40:08.802604,ESP32_001,data_collection_BERLARI,0.221397,30.3794,156,BERLARI,BERLARI,1586178
2026-04-13T10:40:10.810053,ESP32_001,data_collection_BERLARI,0.290291,36.9648,159,BERLARI,BERLARI,1588186
2026-04-13T10:40:12.828100,ESP32_001,data_collection_BERLARI,0.196936,30.9163,160,BERLARI,BERLARI,1590202
2026-04-13T10:40:14.836951,ESP32_001,data_collection_BERLARI,0.261378,31.5336,162,BERLARI,BERLARI,1592212
2026-04-13T10:40:16.849741,ESP32_001,data_collection_BERLARI,0.265848,33.4733,160,BERLARI,BERLARI,1594223
2026-04-13T10:40:18.858199,ESP32_001,data_collection_BERLARI,0.340115,50.172,157,BERLARI,BERLARI,1596233
2026-04-13T10:40:20.877561,ESP32_001,data_collection_BERLARI,0.329797,35.0317,158,BERLARI,BERLARI,1598247
2026-04-13T10:40:22.898619,ESP32_001,data_collection_BERLARI,0.329934,42.6789,160,BERLARI,BERLARI,1600268
2026-04-13T10:40:24.907859,ESP32_001,data_collection_BERLARI,0.286546,29.0882,157,BERLARI,BERLARI,1602277
2026-04-13T10:40:26.926064,ESP32_001,data_collection_BERLARI,0.272559,28.3989,156,BERLARI,BERLARI,1604294
2026-04-13T10:40:28.935082,ESP32_001,data_collection_BERLARI,0.305712,31.34,161,BERLARI,BERLARI,1606303
2026-04-13T10:40:30.954780,ESP32_001,data_collection_BERLARI,0.333075,40.4476,162,BERLARI,BERLARI,1608323
2026-04-13T10:40:32.961445,ESP32_001,data_collection_BERLARI,0.308821,32.4273,150,BERLARI,BERLARI,1610330
2026-04-13T10:40:34.966198,ESP32_001,data_collection_BERLARI,0.334924,34.9713,152,BERLARI,BERLARI,1612341
2026-04-13T10:40:36.986716,ESP32_001,data_collection_BERLARI,0.378402,43.5941,160,BERLARI,BERLARI,1614350
2026-04-13T10:40:38.994132,ESP32_001,data_collection_BERLARI,0.416927,46.836,161,BERLARI,BERLARI,1616361
2026-04-13T10:40:41.003525,ESP32_001,data_collection_BERLARI,0.345021,36.139,160,BERLARI,BERLARI,1618372
2026-04-13T10:40:43.011520,ESP32_001,data_collection_BERLARI,0.401747,40.2934,160,BERLARI,BERLARI,1620383
2026-04-13T10:40:45.020418,ESP32_001,data_collection_BERLARI,0.349829,34.9665,159,BERLARI,BERLARI,1622395
2026-04-13T10:40:47.042581,ESP32_001,data_collection_BERLARI,0.351721,26.0924,160,BERLARI,BERLARI,1624409
2026-04-13T10:40:49.051228,ESP32_001,data_collection_BERLARI,0.335597,37.5073,166,BERLARI,BERLARI,1626420
2026-04-13T10:40:51.073565,ESP32_001,data_collection_BERLARI,0.41272,36.4083,163,BERLARI,BERLARI,1628441
2026-04-13T10:40:53.079943,ESP32_001,data_collection_BERLARI,0.383878,33.2337,159,BERLARI,BERLARI,1630448
2026-04-13T10:40:55.092699,ESP32_001,data_collection_BERLARI,0.400119,32.965,160,BERLARI,BERLARI,1632453
2026-04-13T10:40:57.089490,ESP32_001,data_collection_BERLARI,0.373961,35.285,161,BERLARI,BERLARI,1634457
2026-04-13T10:40:59.090888,ESP32_001,data_collection_BERLARI,0.391568,31.2547,161,BERLARI,BERLARI,1636464
2026-04-13T10:41:01.107408,ESP32_001,data_collection_BERLARI,0.354016,32.1872,158,BERLARI,BERLARI,1638476
2026-04-13T10:41:03.120184,ESP32_001,data_collection_BERLARI,0.367568,33.6654,149,BERLARI,BERLARI,1640488
2026-04-13T10:41:05.130800,ESP32_001,data_collection_BERLARI,0.391762,31.1779,157,BERLARI,BERLARI,1642502
2026-04-13T10:41:07.150347,ESP32_001,data_collection_BERLARI,0.391871,30.011,162,BERLARI,BERLARI,1644518
2026-04-13T10:41:09.158984,ESP32_001,data_collection_BERLARI,0.327247,26.5944,164,BERLARI,BERLARI,1646529
2026-04-13T10:41:11.179137,ESP32_001,data_collection_BERLARI,0.2498,27.4728,166,BERLARI,BERLARI,1648542
2026-04-13T10:41:13.188570,ESP32_001,data_collection_BERLARI,0.322988,25.6353,156,BERLARI,BERLARI,1650557
2026-04-13T10:41:15.553780,ESP32_001,data_collection_BERLARI,0.327641,29.6141,143,BERLARI,BERLARI,1652570
2026-04-13T10:41:17.208088,ESP32_001,data_collection_BERLARI,0.341567,32.856,156,BERLARI,BERLARI,1654581
2026-04-13T10:41:19.226740,ESP32_001,data_collection_BERLARI,0.316791,22.7954,166,BERLARI,BERLARI,1656596
2026-04-13T10:41:21.254367,ESP32_001,data_collection_BERLARI,0.303149,24.3384,156,BERLARI,BERLARI,1658622
2026-04-13T10:41:23.266138,ESP32_001,data_collection_BERLARI,0.319833,24.8297,163,BERLARI,BERLARI,1660633
2026-04-13T10:41:25.295271,ESP32_001,data_collection_BERLARI,0.32946,27.3875,170,BERLARI,BERLARI,1662644
2026-04-13T10:41:27.294550,ESP32_001,data_collection_BERLARI,0.34735,29.9829,169,BERLARI,BERLARI,1664660
2026-04-13T10:41:29.302470,ESP32_001,data_collection_BERLARI,0.359705,27.9859,167,BERLARI,BERLARI,1666669
2026-04-13T10:41:31.328019,ESP32_001,data_collection_BERLARI,0.347663,26.4751,166,BERLARI,BERLARI,1668678
2026-04-13T10:41:33.339054,ESP32_001,data_collection_BERLARI,0.381796,40.3005,166,BERLARI,BERLARI,1670692
2026-04-13T10:41:35.351398,ESP32_001,data_collection_BERLARI,0.382062,33.7161,166,BERLARI,BERLARI,1672718
2026-04-13T10:41:37.372548,ESP32_001,data_collection_BERLARI,0.382081,32.7002,165,BERLARI,BERLARI,1674739
2026-04-13T10:41:39.383378,ESP32_001,data_collection_BERLARI,0.332023,30.4585,168,BERLARI,BERLARI,1676753
2026-04-13T10:41:41.392075,ESP32_001,data_collection_BERLARI,0.406501,35.4076,169,BERLARI,BERLARI,1678762
2026-04-13T10:41:43.417663,ESP32_001,data_collection_BERLARI,0.312554,34.0752,168,BERLARI,BERLARI,1680784
2026-04-13T10:41:45.430810,ESP32_001,data_collection_BERLARI,0.384937,35.2677,169,BERLARI,BERLARI,1682801
2026-04-13T10:41:47.425897,ESP32_001,data_collection_BERLARI,0.368268,27.3747,169,BERLARI,BERLARI,1684793
2026-04-13T10:41:49.454750,ESP32_001,data_collection_BERLARI,0.382887,28.2764,168,BERLARI,BERLARI,1686814
2026-04-13T10:41:51.459109,ESP32_001,data_collection_BERLARI,0.361074,29.4854,168,BERLARI,BERLARI,1688825
2026-04-13T10:41:53.476482,ESP32_001,data_collection_BERLARI,0.324583,33.9656,170,BERLARI,BERLARI,1690843
2026-04-13T10:41:55.489287,ESP32_001,data_collection_BERLARI,0.429425,43.1403,170,BERLARI,BERLARI,1692857
2026-04-13T10:41:57.499221,ESP32_001,data_collection_BERLARI,0.356808,27.7477,167,BERLARI,BERLARI,1694868
2026-04-13T10:41:59.507348,ESP32_001,data_collection_BERLARI,0.388104,45.9725,162,BERLARI,BERLARI,1696876
2026-04-13T10:42:01.634781,ESP32_001,data_collection_BERLARI,0.408093,39.2635,158,BERLARI,BERLARI,1698898
2026-04-13T10:42:03.545633,ESP32_001,data_collection_BERLARI,0.390123,36.2536,151,BERLARI,BERLARI,1700911
2026-04-13T10:42:05.556883,ESP32_001,data_collection_BERLARI,0.403033,34.4829,153,BERLARI,BERLARI,1702922
2026-04-13T10:42:07.566784,ESP32_001,data_collection_BERLARI,0.407002,32.6117,166,BERLARI,BERLARI,1704934
2026-04-13T10:42:09.584281,ESP32_001,data_collection_BERLARI,0.34878,31.368,168,BERLARI,BERLARI,1706950
2026-04-13T10:42:11.595545,ESP32_001,data_collection_BERLARI,0.404313,35.687,169,BERLARI,BERLARI,1708964
2026-04-13T10:42:13.601361,ESP32_001,data_collection_BERLARI,0.396945,43.1598,166,BERLARI,BERLARI,1710968
2026-04-13T10:42:15.650722,ESP32_001,data_collection_BERLARI,0.296436,37.4717,170,BERLARI,BERLARI,1712984
2026-04-13T10:42:17.628774,ESP32_001,data_collection_BERLARI,0.317987,38.7964,156,BERLARI,BERLARI,1714991
2026-04-13T10:42:19.634133,ESP32_001,data_collection_BERLARI,0.390843,32.5043,148,BERLARI,BERLARI,1717000
2026-04-13T10:42:21.642983,ESP32_001,data_collection_BERLARI,0.477847,43.4737,163,BERLARI,BERLARI,1719009
2026-04-13T10:42:23.660823,ESP32_001,data_collection_BERLARI,0.42849,46.4355,164,BERLARI,BERLARI,1721023
2026-04-13T10:42:25.661833,ESP32_001,data_collection_BERLARI,0.42626,33.3387,163,BERLARI,BERLARI,1723032
2026-04-13T10:42:27.682611,ESP32_001,data_collection_BERLARI,0.388872,35.5787,166,BERLARI,BERLARI,1725048
2026-04-13T10:42:29.699189,ESP32_001,data_collection_BERLARI,0.435637,40.8987,165,BERLARI,BERLARI,1727064
2026-04-13T10:42:31.719040,ESP32_001,data_collection_BERLARI,0.367839,29.9914,173,BERLARI,BERLARI,1729084
2026-04-13T10:42:33.730020,ESP32_001,data_collection_BERLARI,0.369693,28.8949,181,BERLARI,BERLARI,1731092
2026-04-13T10:42:35.737061,ESP32_001,data_collection_BERLARI,0.39545,33.3628,174,BERLARI,BERLARI,1733103
2026-04-13T10:42:37.753944,ESP32_001,data_collection_BERLARI,0.325185,42.1374,169,BERLARI,BERLARI,1735107
2026-04-13T10:42:39.750866,ESP32_001,data_collection_BERLARI,0.400067,34.0304,165,BERLARI,BERLARI,1737115
2026-04-13T10:42:41.756263,ESP32_001,data_collection_BERLARI,0.365335,28.8803,176,BERLARI,BERLARI,1739121
2026-04-13T10:42:43.767806,ESP32_001,data_collection_BERLARI,0.365677,27.1231,175,BERLARI,BERLARI,1741132
2026-04-13T10:42:45.773019,ESP32_001,data_collection_BERLARI,0.318941,30.1163,169,BERLARI,BERLARI,1743142
2026-04-13T10:42:47.776976,ESP32_001,data_collection_BERLARI,0.348323,26.3975,168,BERLARI,BERLARI,1745147
2026-04-13T10:42:49.796721,ESP32_001,data_collection_BERLARI,0.298709,22.7426,166,BERLARI,BERLARI,1747161
2026-04-13T10:42:51.814494,ESP32_001,data_collection_BERLARI,0.359783,23.9023,168,BERLARI,BERLARI,1749175
2026-04-13T10:42:53.880683,ESP32_001,data_collection_BERLARI,0.333189,25.3235,173,BERLARI,BERLARI,1751186
